id,name,email,,
1,Dorothy Horn,dorothy.horn@example.com,,
2,Morgan Hernandez,morgan.hernandez@example.com,,
3,Amy Mills,amy.mills@example.com,,
4,Caleb Santiago,caleb.santiago@example.com,,
5,Javier Benjamin,javier.benjamin@example.com,,
6,Matthew Baker,matthew.baker@example.com,,
7,John York,john.york@example.com,,
8,Andrew Wilson,andrew.wilson@example.com,,
9,Vincent Jackson,vincent.jackson@example.com,,
10,James Robbins,james.robbins@example.com,,
11,Justin Cox,justin.cox@example.com,,
12,Victor Roberts,victor.roberts@example.com,,
13,Greg Pham,greg.pham@example.com,,
14,Kayla Miller,kayla.miller@example.com,,
15,Zachary Scott,zachary.scott@example.com,,
16,Ashley Rogers,ashley.rogers@example.com,,
17,Sarah Turner,sarah.turner@example.com,,
18,Natalie Smith,natalie.smith@example.com,,
19,Julia Saunders,julia.saunders@example.com,,
20,Andrew Evans,andrew.evans@example.com,,
21,Jonathan Ross,jonathan.ross@example.com,,
22,Ashley Rhodes,ashley.rhodes@example.com,,
23,David Leblanc,david.leblanc@example.com,,
24,Kari Wilson,kari.wilson@example.com,,
25,Steven Erickson,steven.erickson@example.com,,
26,Jason Keller,jason.keller@example.com,,
27,William Mcdaniel,william.mcdaniel@example.com,,
28,Mary Medina,mary.medina@example.com,,
29,Kaitlin Nguyen,kaitlin.nguyen@example.com,,
30,Caitlin Phillips,caitlin.phillips@example.com,,
31,William Harris,william.harris@example.com,,
32,Jeffrey Sandoval,jeffrey.sandoval@example.com,,
33,Mr. Edward Wright,mr..edward.wright@example.com,,
34,Andrea Collier,andrea.collier@example.com,,
35,Michelle Padilla,michelle.padilla@example.com,,
36,Matthew Moore,matthew.moore@example.com,,
37,Ryan Kim,ryan.kim@example.com,,
38,Kenneth Anderson,kenneth.anderson@example.com,,
39,Pamela Miller,pamela.miller@example.com,,
40,Jasmine Silva,jasmine.silva@example.com,,
41,Michael Alvarado,michael.alvarado@example.com,,
42,Makayla Hernandez,makayla.hernandez@example.com,,
43,Lisa Lopez,lisa.lopez@example.com,,
44,George Palmer,george.palmer@example.com,,
45,Crystal Ferguson,crystal.ferguson@example.com,,
46,Robert Gonzales,robert.gonzales@example.com,,
47,Rachel Thompson,rachel.thompson@example.com,,
48,Cody Shaw,cody.shaw@example.com,,
49,Barbara Ramirez,barbara.ramirez@example.com,,
50,Patrick Henderson,patrick.henderson@example.com,,
,,,,
,,,,
